{
  "timestamp": "2026-06-11 15:13:33",
  "variant_a": {
    "loss": 0.4411441385746002,
    "balanced_accuracy": 0.7793210357140139,
    "roc_auc": 0.8703998226708722,
    "pr_auc": 0.8976265185472678,
    "precision_at_10": 0.7995322913610979,
    "recall_at_10": 0.8452747392889647,
    "map_at_10": 1.0,
    "ndcg_at_10": 1.0
  },
  "variant_b": {
    "loss": 0.44217804074287415,
    "balanced_accuracy": 0.7779295875723264,
    "roc_auc": 0.8697437907171326,
    "pr_auc": 0.8963874348391817,
    "precision_at_10": 0.7952152670435506,
    "recall_at_10": 0.8529149203809656,
    "map_at_10": 1.0,
    "ndcg_at_10": 1.0
  },
  "deltas": {
    "loss": 0.0010339021682739258,
    "balanced_accuracy": -0.001391448141687457,
    "roc_auc": -0.0006560319537396442,
    "pr_auc": -0.0012390837080861195,
    "precision_at_10": -0.004317024317547324,
    "recall_at_10": 0.0076401810920009305,
    "map_at_10": 0.0,
    "ndcg_at_10": 0.0
  }
}